timeStamp,elapsed,label,responseMessage,threadName,success,failureMessage,sentBytes,grpThreads,allThreads,Latency,IdleTime
1518027234497,8051,localhost CPU,,,true,,0,0,0,0,0
1518027235505,100000,localhost CPU,,,true,,0,0,0,0,0
1518027236505,82420,localhost CPU,,,true,,0,0,0,0,0
1518027237505,75484,localhost CPU,,,true,,0,0,0,0,0
1518027238506,89262,localhost CPU,,,true,,0,0,0,0,0
1518027239508,97256,localhost CPU,,,true,,0,0,0,0,0
1518027240508,96265,localhost CPU,,,true,,0,0,0,0,0
1518027241508,97640,localhost CPU,,,true,,0,0,0,0,0
1518027242508,76555,localhost CPU,,,true,,0,0,0,0,0
1518027243519,90655,localhost CPU,,,true,,0,0,0,0,0
1518027244520,87177,localhost CPU,,,true,,0,0,0,0,0
1518027245522,66666,localhost CPU,,,true,,0,0,0,0,0
1518027246522,81002,localhost CPU,,,true,,0,0,0,0,0
1518027247536,93724,localhost CPU,,,true,,0,0,0,0,0
1518027248536,79250,localhost CPU,,,true,,0,0,0,0,0
1518027249537,67416,localhost CPU,,,true,,0,0,0,0,0
1518027250541,84916,localhost CPU,,,true,,0,0,0,0,0
1518027251541,92037,localhost CPU,,,true,,0,0,0,0,0
1518027252541,79345,localhost CPU,,,true,,0,0,0,0,0
1518027253553,61076,localhost CPU,,,true,,0,0,0,0,0
1518027254553,75870,localhost CPU,,,true,,0,0,0,0,0
1518027255553,86314,localhost CPU,,,true,,0,0,0,0,0
1518027256553,82050,localhost CPU,,,true,,0,0,0,0,0
1518027257553,61324,localhost CPU,,,true,,0,0,0,0,0
1518027258553,84835,localhost CPU,,,true,,0,0,0,0,0
1518027259553,66530,localhost CPU,,,true,,0,0,0,0,0
1518027260561,78894,localhost CPU,,,true,,0,0,0,0,0
1518027261561,59770,localhost CPU,,,true,,0,0,0,0,0
1518027262561,89950,localhost CPU,,,true,,0,0,0,0,0
1518027263561,49237,localhost CPU,,,true,,0,0,0,0,0
1518027264562,46886,localhost CPU,,,true,,0,0,0,0,0
1518027265568,75525,localhost CPU,,,true,,0,0,0,0,0
1518027266569,80233,localhost CPU,,,true,,0,0,0,0,0
1518027267573,53431,localhost CPU,,,true,,0,0,0,0,0
1518027268573,64432,localhost CPU,,,true,,0,0,0,0,0
1518027269573,76186,localhost CPU,,,true,,0,0,0,0,0
1518027270573,72187,localhost CPU,,,true,,0,0,0,0,0
1518027271586,92017,localhost CPU,,,true,,0,0,0,0,0
1518027272597,72917,localhost CPU,,,true,,0,0,0,0,0
1518027273597,39434,localhost CPU,,,true,,0,0,0,0,0
1518027274597,39686,localhost CPU,,,true,,0,0,0,0,0
1518027275597,53136,localhost CPU,,,true,,0,0,0,0,0
1518027276610,69732,localhost CPU,,,true,,0,0,0,0,0
1518027277610,96475,localhost CPU,,,true,,0,0,0,0,0
1518027278610,82004,localhost CPU,,,true,,0,0,0,0,0
1518027279610,87925,localhost CPU,,,true,,0,0,0,0,0
1518027280618,84020,localhost CPU,,,true,,0,0,0,0,0
1518027281618,89174,localhost CPU,,,true,,0,0,0,0,0
1518027282649,70395,localhost CPU,,,true,,0,0,0,0,0
1518027283653,55647,localhost CPU,,,true,,0,0,0,0,0
1518027284653,84884,localhost CPU,,,true,,0,0,0,0,0
1518027285653,32694,localhost CPU,,,true,,0,0,0,0,0
1518027286653,4203,localhost CPU,,,true,,0,0,0,0,0
1518027287653,3902,localhost CPU,,,true,,0,0,0,0,0
1518027288653,1942,localhost CPU,,,true,,0,0,0,0,0
1518027289653,14050,localhost CPU,,,true,,0,0,0,0,0
1518027290652,3149,localhost CPU,,,true,,0,0,0,0,0
1518027291653,3511,localhost CPU,,,true,,0,0,0,0,0
1518027292656,1550,localhost CPU,,,true,,0,0,0,0,0
1518027293655,3135,localhost CPU,,,true,,0,0,0,0,0
1518027294655,17554,localhost CPU,,,true,,0,0,0,0,0
1518027295655,53901,localhost CPU,,,true,,0,0,0,0,0
1518027296655,77034,localhost CPU,,,true,,0,0,0,0,0
1518027297655,36420,localhost CPU,,,true,,0,0,0,0,0
1518027298655,72446,localhost CPU,,,true,,0,0,0,0,0
1518027299662,86997,localhost CPU,,,true,,0,0,0,0,0
1518027300737,97772,localhost CPU,,,true,,0,0,0,0,0
1518027301738,80537,localhost CPU,,,true,,0,0,0,0,0
1518027302738,70974,localhost CPU,,,true,,0,0,0,0,0
1518027303738,60880,localhost CPU,,,true,,0,0,0,0,0
1518027304740,76606,localhost CPU,,,true,,0,0,0,0,0
1518027305740,38300,localhost CPU,,,true,,0,0,0,0,0
1518027306741,75570,localhost CPU,,,true,,0,0,0,0,0
1518027307753,94591,localhost CPU,,,true,,0,0,0,0,0
1518027308753,73629,localhost CPU,,,true,,0,0,0,0,0
1518027309769,81409,localhost CPU,,,true,,0,0,0,0,0
1518027310783,78161,localhost CPU,,,true,,0,0,0,0,0
1518027311783,93086,localhost CPU,,,true,,0,0,0,0,0
1518027312796,81746,localhost CPU,,,true,,0,0,0,0,0
1518027313796,57086,localhost CPU,,,true,,0,0,0,0,0
1518027314796,75800,localhost CPU,,,true,,0,0,0,0,0
1518027315796,94220,localhost CPU,,,true,,0,0,0,0,0
1518027316801,73836,localhost CPU,,,true,,0,0,0,0,0
1518027317801,86857,localhost CPU,,,true,,0,0,0,0,0
1518027318809,81827,localhost CPU,,,true,,0,0,0,0,0
1518027319809,82804,localhost CPU,,,true,,0,0,0,0,0
1518027320809,71588,localhost CPU,,,true,,0,0,0,0,0
1518027321809,59551,localhost CPU,,,true,,0,0,0,0,0
1518027322809,69907,localhost CPU,,,true,,0,0,0,0,0
1518027323846,62910,localhost CPU,,,true,,0,0,0,0,0
1518027324852,59633,localhost CPU,,,true,,0,0,0,0,0
1518027325852,74302,localhost CPU,,,true,,0,0,0,0,0
1518027326852,84454,localhost CPU,,,true,,0,0,0,0,0
1518027327853,71969,localhost CPU,,,true,,0,0,0,0,0
1518027328853,67157,localhost CPU,,,true,,0,0,0,0,0
1518027329859,67444,localhost CPU,,,true,,0,0,0,0,0
1518027330890,88865,localhost CPU,,,true,,0,0,0,0,0
1518027331899,69507,localhost CPU,,,true,,0,0,0,0,0
1518027332911,67444,localhost CPU,,,true,,0,0,0,0,0
1518027333911,75967,localhost CPU,,,true,,0,0,0,0,0
1518027334942,86435,localhost CPU,,,true,,0,0,0,0,0
1518027335951,34016,localhost CPU,,,true,,0,0,0,0,0
1518027336951,67950,localhost CPU,,,true,,0,0,0,0,0
1518027337951,61886,localhost CPU,,,true,,0,0,0,0,0
1518027338951,64744,localhost CPU,,,true,,0,0,0,0,0
1518027339965,37444,localhost CPU,,,true,,0,0,0,0,0
1518027340965,48256,localhost CPU,,,true,,0,0,0,0,0
1518027341968,68430,localhost CPU,,,true,,0,0,0,0,0
1518027342968,39875,localhost CPU,,,true,,0,0,0,0,0
1518027343968,29300,localhost CPU,,,true,,0,0,0,0,0
1518027344967,31642,localhost CPU,,,true,,0,0,0,0,0
1518027345967,3112,localhost CPU,,,true,,0,0,0,0,0
1518027346967,3851,localhost CPU,,,true,,0,0,0,0,0
1518027347970,1599,localhost CPU,,,true,,0,0,0,0,0
1518027348970,3876,localhost CPU,,,true,,0,0,0,0,0
1518027349970,9397,localhost CPU,,,true,,0,0,0,0,0
1518027350970,3112,localhost CPU,,,true,,0,0,0,0,0
1518027351970,3125,localhost CPU,,,true,,0,0,0,0,0
1518027352970,3125,localhost CPU,,,true,,0,0,0,0,0
1518027353971,3510,localhost CPU,,,true,,0,0,0,0,0
1518027354971,8597,localhost CPU,,,true,,0,0,0,0,0
1518027355971,3449,localhost CPU,,,true,,0,0,0,0,0
1518027356971,14438,localhost CPU,,,true,,0,0,0,0,0
1518027357971,44743,localhost CPU,,,true,,0,0,0,0,0
1518027358971,77415,localhost CPU,,,true,,0,0,0,0,0
1518027359975,58195,localhost CPU,,,true,,0,0,0,0,0
1518027360975,89472,localhost CPU,,,true,,0,0,0,0,0
1518027361975,72311,localhost CPU,,,true,,0,0,0,0,0
1518027363037,74902,localhost CPU,,,true,,0,0,0,0,0
1518027364040,77512,localhost CPU,,,true,,0,0,0,0,0
1518027365041,71464,localhost CPU,,,true,,0,0,0,0,0
1518027366045,51743,localhost CPU,,,true,,0,0,0,0,0
1518027367044,83221,localhost CPU,,,true,,0,0,0,0,0
1518027368046,64498,localhost CPU,,,true,,0,0,0,0,0
1518027369046,85454,localhost CPU,,,true,,0,0,0,0,0
1518027370054,86143,localhost CPU,,,true,,0,0,0,0,0
1518027371056,80459,localhost CPU,,,true,,0,0,0,0,0
1518027372056,84392,localhost CPU,,,true,,0,0,0,0,0
1518027373056,78880,localhost CPU,,,true,,0,0,0,0,0
1518027374056,68653,localhost CPU,,,true,,0,0,0,0,0
1518027375056,89442,localhost CPU,,,true,,0,0,0,0,0
1518027376056,91040,localhost CPU,,,true,,0,0,0,0,0
1518027377056,61730,localhost CPU,,,true,,0,0,0,0,0
1518027378067,69705,localhost CPU,,,true,,0,0,0,0,0
1518027379067,79675,localhost CPU,,,true,,0,0,0,0,0
1518027380082,88324,localhost CPU,,,true,,0,0,0,0,0
1518027381115,60233,localhost CPU,,,true,,0,0,0,0,0
1518027382115,67183,localhost CPU,,,true,,0,0,0,0,0
1518027383114,83200,localhost CPU,,,true,,0,0,0,0,0
1518027384115,79294,localhost CPU,,,true,,0,0,0,0,0
1518027385131,48092,localhost CPU,,,true,,0,0,0,0,0
1518027386138,56635,localhost CPU,,,true,,0,0,0,0,0
1518027387138,37583,localhost CPU,,,true,,0,0,0,0,0
1518027388138,45776,localhost CPU,,,true,,0,0,0,0,0
1518027389184,56218,localhost CPU,,,true,,0,0,0,0,0
1518027390188,66683,localhost CPU,,,true,,0,0,0,0,0
1518027391188,68882,localhost CPU,,,true,,0,0,0,0,0
1518027392188,56203,localhost CPU,,,true,,0,0,0,0,0
1518027393191,49397,localhost CPU,,,true,,0,0,0,0,0
1518027394191,52335,localhost CPU,,,true,,0,0,0,0,0
1518027395191,72279,localhost CPU,,,true,,0,0,0,0,0
1518027396190,64008,localhost CPU,,,true,,0,0,0,0,0
1518027397223,48094,localhost CPU,,,true,,0,0,0,0,0
1518027398234,80997,localhost CPU,,,true,,0,0,0,0,0
1518027399234,70816,localhost CPU,,,true,,0,0,0,0,0
1518027400266,72202,localhost CPU,,,true,,0,0,0,0,0
1518027401279,72579,localhost CPU,,,true,,0,0,0,0,0
1518027402279,82889,localhost CPU,,,true,,0,0,0,0,0
1518027403295,89791,localhost CPU,,,true,,0,0,0,0,0
1518027404307,70292,localhost CPU,,,true,,0,0,0,0,0
1518027405307,39495,localhost CPU,,,true,,0,0,0,0,0
1518027406307,17090,localhost CPU,,,true,,0,0,0,0,0
1518027407307,2374,localhost CPU,,,true,,0,0,0,0,0
1518027408307,2374,localhost CPU,,,true,,0,0,0,0,0
1518027409308,2333,localhost CPU,,,true,,0,0,0,0,0
1518027410308,11260,localhost CPU,,,true,,0,0,0,0,0
1518027411308,2725,localhost CPU,,,true,,0,0,0,0,0
1518027412308,1525,localhost CPU,,,true,,0,0,0,0,0
1518027413308,1959,localhost CPU,,,true,,0,0,0,0,0
1518027414308,2350,localhost CPU,,,true,,0,0,0,0,0
1518027415311,12794,localhost CPU,,,true,,0,0,0,0,0
1518027416311,2704,localhost CPU,,,true,,0,0,0,0,0
1518027417311,8643,localhost CPU,,,true,,0,0,0,0,0
1518027418311,58356,localhost CPU,,,true,,0,0,0,0,0
1518027419311,68103,localhost CPU,,,true,,0,0,0,0,0
1518027420326,68069,localhost CPU,,,true,,0,0,0,0,0
1518027421339,61189,localhost CPU,,,true,,0,0,0,0,0
1518027422339,63594,localhost CPU,,,true,,0,0,0,0,0
1518027423339,48256,localhost CPU,,,true,,0,0,0,0,0
1518027424341,77479,localhost CPU,,,true,,0,0,0,0,0
1518027425347,79357,localhost CPU,,,true,,0,0,0,0,0
1518027426378,94344,localhost CPU,,,true,,0,0,0,0,0
1518027427407,73034,localhost CPU,,,true,,0,0,0,0,0
1518027428421,78064,localhost CPU,,,true,,0,0,0,0,0
1518027429421,96863,localhost CPU,,,true,,0,0,0,0,0
1518027430421,76574,localhost CPU,,,true,,0,0,0,0,0
1518027431468,80386,localhost CPU,,,true,,0,0,0,0,0
1518027432468,82457,localhost CPU,,,true,,0,0,0,0,0
1518027433472,76498,localhost CPU,,,true,,0,0,0,0,0
1518027434526,85186,localhost CPU,,,true,,0,0,0,0,0
1518027435540,83220,localhost CPU,,,true,,0,0,0,0,0
1518027436540,68053,localhost CPU,,,true,,0,0,0,0,0
1518027437603,95529,localhost CPU,,,true,,0,0,0,0,0
1518027438603,63697,localhost CPU,,,true,,0,0,0,0,0
1518027439613,57993,localhost CPU,,,true,,0,0,0,0,0
1518027440613,75271,localhost CPU,,,true,,0,0,0,0,0
1518027441613,82091,localhost CPU,,,true,,0,0,0,0,0
1518027442613,64841,localhost CPU,,,true,,0,0,0,0,0
1518027443621,63169,localhost CPU,,,true,,0,0,0,0,0
1518027444621,84353,localhost CPU,,,true,,0,0,0,0,0
1518027445622,86185,localhost CPU,,,true,,0,0,0,0,0
1518027446631,82348,localhost CPU,,,true,,0,0,0,0,0
1518027447678,57741,localhost CPU,,,true,,0,0,0,0,0
1518027448684,76739,localhost CPU,,,true,,0,0,0,0,0
1518027449684,41760,localhost CPU,,,true,,0,0,0,0,0
1518027450686,80573,localhost CPU,,,true,,0,0,0,0,0
1518027451686,53485,localhost CPU,,,true,,0,0,0,0,0
1518027452686,72243,localhost CPU,,,true,,0,0,0,0,0
1518027453686,49249,localhost CPU,,,true,,0,0,0,0,0
1518027454686,22275,localhost CPU,,,true,,0,0,0,0,0
1518027455686,62500,localhost CPU,,,true,,0,0,0,0,0
1518027456686,63022,localhost CPU,,,true,,0,0,0,0,0
1518027457686,55427,localhost CPU,,,true,,0,0,0,0,0
1518027458709,81996,localhost CPU,,,true,,0,0,0,0,0
1518027459713,73431,localhost CPU,,,true,,0,0,0,0,0
1518027460713,65370,localhost CPU,,,true,,0,0,0,0,0
1518027461720,73046,localhost CPU,,,true,,0,0,0,0,0
1518027462720,66383,localhost CPU,,,true,,0,0,0,0,0
1518027463720,74618,localhost CPU,,,true,,0,0,0,0,0
1518027464720,67183,localhost CPU,,,true,,0,0,0,0,0
1518027465720,37865,localhost CPU,,,true,,0,0,0,0,0
1518027466720,48075,localhost CPU,,,true,,0,0,0,0,0
1518027467720,66550,localhost CPU,,,true,,0,0,0,0,0
1518027468720,8950,localhost CPU,,,true,,0,0,0,0,0
1518027469720,7369,localhost CPU,,,true,,0,0,0,0,0
1518027470721,13293,localhost CPU,,,true,,0,0,0,0,0
1518027471721,1974,localhost CPU,,,true,,0,0,0,0,0
1518027472721,3114,localhost CPU,,,true,,0,0,0,0,0
1518027473721,3500,localhost CPU,,,true,,0,0,0,0,0
1518027474721,7800,localhost CPU,,,true,,0,0,0,0,0
1518027475721,5873,localhost CPU,,,true,,0,0,0,0,0
1518027476722,1925,localhost CPU,,,true,,0,0,0,0,0
1518027477722,1175,localhost CPU,,,true,,0,0,0,0,0
1518027478722,2340,localhost CPU,,,true,,0,0,0,0,0
1518027479727,3148,localhost CPU,,,true,,0,0,0,0,0
1518027480727,45322,localhost CPU,,,true,,0,0,0,0,0
1518027481727,60142,localhost CPU,,,true,,0,0,0,0,0
1518027482729,83292,localhost CPU,,,true,,0,0,0,0,0
1518027483729,46699,localhost CPU,,,true,,0,0,0,0,0
1518027484729,44150,localhost CPU,,,true,,0,0,0,0,0
1518027485729,60540,localhost CPU,,,true,,0,0,0,0,0
1518027486730,50024,localhost CPU,,,true,,0,0,0,0,0
1518027487730,46301,localhost CPU,,,true,,0,0,0,0,0
1518027488746,79075,localhost CPU,,,true,,0,0,0,0,0
1518027489746,82824,localhost CPU,,,true,,0,0,0,0,0
1518027490746,79836,localhost CPU,,,true,,0,0,0,0,0
1518027491809,87943,localhost CPU,,,true,,0,0,0,0,0
1518027492809,71329,localhost CPU,,,true,,0,0,0,0,0
1518027493810,98828,localhost CPU,,,true,,0,0,0,0,0
1518027494849,97730,localhost CPU,,,true,,0,0,0,0,0
1518027495849,94605,localhost CPU,,,true,,0,0,0,0,0
1518027496850,95032,localhost CPU,,,true,,0,0,0,0,0
1518027497850,89387,localhost CPU,,,true,,0,0,0,0,0
1518027498850,77030,localhost CPU,,,true,,0,0,0,0,0
1518027499850,62425,localhost CPU,,,true,,0,0,0,0,0
